account_no,name,address,country,services,active,updated,comment
27,Joshua Hanson,"894 Nancy Lodge Suite 448, Smithburgh, DC 12158",US,0,True,2023-12-20 08:40:10, 
5,Brian Carey,"027 Rogers Villages Apt. 976, Cristinabury, OR 81493",US,0,True,2023-12-19 13:02:35, 
15,Victoria Carter,"Unit 4126 Box 3749, DPO AP 99926",US,0,True,2023-12-20 08:38:46, 
11,Joel Davidson,"695 Simmons Ville, Owensburgh, PR 30794",US,0,True,2023-12-20 08:38:46, 
2,Carol Smith,"888 Andersen Roads, South John, NC 38544",US,0,True,2023-12-19 13:02:35, 
10,Traci Mason,"48058 Cordova Center Suite 873, Port Meredithhaven, MD 79436",US,0,True,2023-12-19 13:02:35, 
28,Dr. Luis Smith MD,"067 Coffey Camp Suite 235, Burchshire, IL 68470",US,0,True,2023-12-20 08:40:10, 
17,Luke Sullivan,"6123 Graves Falls, New Paulport, DE 27219",US,0,True,2023-12-20 08:38:46, 
8,Robert Clark,"081 Megan Summit, Wilsontown, ID 78855",US,0,True,2023-12-19 13:02:35, 
4,Pedro Lamb,"USS Martin, FPO AE 35976",US,0,True,2023-12-19 13:02:35, 
7,William Scott,"4298 Roberson Prairie Suite 256, North Carlosfurt, OK 97564",US,0,True,2023-12-19 13:02:35, 
25,Jack Smith,"717 Adam Drive Suite 069, Lake Julieburgh, VT 06012",US,0,True,2023-12-20 08:40:10, 
13,Walter Shaw,"400 James Port, Lake Daniel, AR 75967",US,0,True,2023-12-20 08:38:46, 
18,Joseph Fernandez,"99861 Todd Cape, Port Paul, SD 97249",US,0,True,2023-12-20 08:38:47, 
21,Jeffrey Blackwell,"6885 Wiggins Lakes, North Damon, PW 58465",US,0,True,2023-12-20 08:40:10, 
30,Lisa Mcclain,"3873 Penny Centers, Nicoleland, DE 35756",US,0,True,2023-12-20 08:40:10, 
29,Michael Newton,"91029 Eaton Village Suite 128, South Teresaland, MO 35569",US,0,True,2023-12-20 08:40:10, 
14,Tonya Davis,"1176 Lisa Extensions, Martinezland, NJ 09948",US,0,True,2023-12-20 08:38:46, 
16,Jordan Duncan,"USNV Liu, FPO AA 75766",US,0,True,2023-12-20 08:38:46, 
20,Stephanie Dyer,"8496 Russo Valleys, Deniseside, VA 81690",US,0,True,2023-12-20 08:38:47, 
9,Xavier Smith,"47132 Vincent Mount Apt. 151, South Garrett, AL 26239",US,0,True,2023-12-19 13:02:35, 
26,Jessica Taylor,"252 Snyder Trail, Sarahstad, NJ 68405",US,0,True,2023-12-20 08:40:10, 
1,Alice Adams,"613 Davis Lakes Apt. 179, Ricardoview, CO 76415",US,0,True,2023-12-19 13:02:35, 
23,Melody Chambers,"1442 Nelson Prairie Apt. 826, South Kathleenburgh, DC 94657",US,0,True,2023-12-20 08:40:10, 
24,Jeffrey Holmes,"3254 Thomas Shore Apt. 058, Port Markstad, NV 16828",US,0,True,2023-12-20 08:40:10, 
6,Stephen Jones,"40479 Rowe Flats Apt. 994, North Brianville, NE 46226",US,0,True,2023-12-19 13:02:35, 
3,Belinda Russo,"020 Raymond Common Suite 706, West Victoria, KY 86346",US,0,True,2023-12-19 13:02:35, 
22,Leah Larson,"USNS Peters, FPO AP 12273",US,0,True,2023-12-20 08:40:10, 
19,Katherine Fernandez,"99189 Lopez Pines Suite 381, Michellebury, KY 55695",US,0,True,2023-12-20 08:38:47, 
12,Eric Perry,"717 Cooper Parks Suite 597, North Bruce, TX 42136",US,0,True,2023-12-20 08:38:46, 
11,Matthew Collins,"PSC 6179, Box 4057, APO AE 55321",US,0,True,2023-12-20 08:52:49, ,insert,1,1703065979000
12,Daniel Dickson,"72718 Solis Inlet, Allenshire, GU 55719",US,0,True,2023-12-20 08:52:49, ,insert,1,1703065979000
13,Casey Cervantes,"710 Melissa Course, Hectorshire, OR 61931",US,0,True,2023-12-20 08:52:49, ,insert,1,1703065979000
14,Erin Williams,"6799 Fischer Radial, South Sharon, CT 50236",US,0,True,2023-12-20 08:52:49, ,insert,1,1703065979000
15,Barbara Clarke,"PSC 8003, Box 4973, APO AP 22702",US,0,True,2023-12-20 08:52:49, ,insert,1,1703065979000
16,Rachel Ramirez,"1731 Sandra Land Suite 242, Michellebury, MN 27283",US,0,True,2023-12-20 08:52:49, ,insert,1,1703065979000
17,Nancy Bass,"6156 Smith Mill Apt. 774, North Maria, WA 28976",US,0,True,2023-12-20 08:52:49, ,insert,1,1703065979000
18,Edgar Hill,"275 Michele Cliff Apt. 643, Thomastown, AZ 31750",US,0,True,2023-12-20 08:52:49, ,insert,1,1703065979000
19,Yvonne Ashley,"5559 Randy Ridge Suite 548, New Lucashaven, MN 54170",US,0,True,2023-12-20 08:52:49, ,insert,1,1703065979000
20,Steven Hart,"91268 Shaw Landing, Edwardsbury, PR 38992",US,0,True,2023-12-20 08:52:49, ,insert,1,1703065979000
21,Mark Martinez,"60248 Alejandro Junctions, Lake Brian, NJ 79709",US,0,True,2023-12-20 08:53:28, ,insert,2,1703066019000
22,Monica Watson,"666 Cindy Via, New Melissaland, SC 74619",US,0,True,2023-12-20 08:53:28, ,insert,2,1703066019000
23,Jeffrey Thomas,"9475 Nichols Summit Suite 016, Rowlandstad, AS 44937",US,0,True,2023-12-20 08:53:28, ,insert,2,1703066019000
24,Abigail Cochran,"921 Hooper Spurs Suite 959, Estradabury, IA 16381",US,0,True,2023-12-20 08:53:28, ,insert,2,1703066019000
25,Ian Spencer,"0030 Hartman Parkway, South Anthony, MS 23949",US,0,True,2023-12-20 08:53:28, ,insert,2,1703066019000
26,Susan Benson,"Unit 6171 Box 7698, DPO AE 20522",US,0,True,2023-12-20 08:53:29, ,insert,2,1703066019000
27,Mr. Kevin Richardson,"98261 Kevin Mall Apt. 796, Ayalachester, IA 72379",US,0,True,2023-12-20 08:53:29, ,insert,2,1703066019000
28,Taylor Christensen,"Unit 2755 Box 0866, DPO AE 53881",US,0,True,2023-12-20 08:53:29, ,insert,2,1703066019000
29,Audrey Carpenter,"48906 Ryan Pine Apt. 904, Charlotteville, NM 85435",US,0,True,2023-12-20 08:53:29, ,insert,2,1703066019000
30,Bonnie Carr,"557 Gordon Mill Apt. 129, Lake Randy, NY 10187",US,0,True,2023-12-20 08:53:29, ,insert,2,1703066019000
21,Mark Martinez,"60248 Alejandro Junctions, Lake Brian, NJ 79709",US,0,True,2023-12-20 08:53:28, ,insert,2,1703066019000
22,Monica Watson,"666 Cindy Via, New Melissaland, SC 74619",US,0,True,2023-12-20 08:53:28, ,insert,2,1703066019000
23,Jeffrey Thomas,"9475 Nichols Summit Suite 016, Rowlandstad, AS 44937",US,0,True,2023-12-20 08:53:28, ,insert,2,1703066019000
24,Abigail Cochran,"921 Hooper Spurs Suite 959, Estradabury, IA 16381",US,0,True,2023-12-20 08:53:28, ,insert,2,1703066019000
25,Ian Spencer,"0030 Hartman Parkway, South Anthony, MS 23949",US,0,True,2023-12-20 08:53:28, ,insert,2,1703066019000
26,Susan Benson,"Unit 6171 Box 7698, DPO AE 20522",US,0,True,2023-12-20 08:53:29, ,insert,2,1703066019000
27,Mr. Kevin Richardson,"98261 Kevin Mall Apt. 796, Ayalachester, IA 72379",US,0,True,2023-12-20 08:53:29, ,insert,2,1703066019000
28,Taylor Christensen,"Unit 2755 Box 0866, DPO AE 53881",US,0,True,2023-12-20 08:53:29, ,insert,2,1703066019000
29,Audrey Carpenter,"48906 Ryan Pine Apt. 904, Charlotteville, NM 85435",US,0,True,2023-12-20 08:53:29, ,insert,2,1703066019000
30,Bonnie Carr,"557 Gordon Mill Apt. 129, Lake Randy, NY 10187",US,0,True,2023-12-20 08:53:29, ,insert,2,1703066019000
10,Carly Silva,"08319 Lynch Meadows, Comptonstad, AK 56034",US,0,True,2023-12-20 08:52:00, 
14,Erin Williams,"6799 Fischer Radial, South Sharon, CT 50236",US,0,True,2023-12-20 08:52:49, 
16,Rachel Ramirez,"1731 Sandra Land Suite 242, Michellebury, MN 27283",US,0,True,2023-12-20 08:52:49, 
4,Sean Henry,"95347 Whitehead Motorway, New Markshire, MT 06211",US,0,True,2023-12-20 08:51:59, 
6,Ryan Martinez,"9913 Lopez Plaza Suite 410, Port Barbara, AR 33730",US,0,True,2023-12-20 08:51:59, 
11,Matthew Collins,"PSC 6179, Box 4057, APO AE 55321",US,0,True,2023-12-20 08:52:49, 
3,Leroy Martin,"7491 Kelly Islands Suite 418, North Natalie, NC 30326",US,0,True,2023-12-20 08:51:59, 
13,Casey Cervantes,"710 Melissa Course, Hectorshire, OR 61931",US,0,True,2023-12-20 08:52:49, 
8,Benjamin Patel,"27011 Schwartz Roads, South Laurabury, ND 34346",US,0,True,2023-12-20 08:51:59, 
1,Tom Brown,"911 Weaver Loop Suite 351, Lake Janetberg, WY 04845",US,0,True,2023-12-20 08:51:59, 
24,Abigail Cochran,"921 Hooper Spurs Suite 959, Estradabury, IA 16381",US,0,True,2023-12-20 08:53:28, 
5,April King,"6136 Patricia Club Suite 385, New Timothyhaven, GA 13196",US,0,True,2023-12-20 08:51:59, 
2,James Payne,"9932 Lopez Key Apt. 201, New Kevinchester, KS 75051",US,0,True,2023-12-20 08:51:59, 
18,Edgar Hill,"275 Michele Cliff Apt. 643, Thomastown, AZ 31750",US,0,True,2023-12-20 08:52:49, 
21,Mark Martinez,"60248 Alejandro Junctions, Lake Brian, NJ 79709",US,0,True,2023-12-20 08:53:28, 
28,Taylor Christensen,"Unit 2755 Box 0866, DPO AE 53881",US,0,True,2023-12-20 08:53:29, 
17,Nancy Bass,"6156 Smith Mill Apt. 774, North Maria, WA 28976",US,0,True,2023-12-20 08:52:49, 
12,Daniel Dickson,"72718 Solis Inlet, Allenshire, GU 55719",US,0,True,2023-12-20 08:52:49, 
30,Bonnie Carr,"557 Gordon Mill Apt. 129, Lake Randy, NY 10187",US,0,True,2023-12-20 08:53:29, 
27,Mr. Kevin Richardson,"98261 Kevin Mall Apt. 796, Ayalachester, IA 72379",US,0,True,2023-12-20 08:53:29, 
22,Monica Watson,"666 Cindy Via, New Melissaland, SC 74619",US,0,True,2023-12-20 08:53:28, 
19,Yvonne Ashley,"5559 Randy Ridge Suite 548, New Lucashaven, MN 54170",US,0,True,2023-12-20 08:52:49, 
9,Donna Burton,"0798 Davis Trail, Jenniferstad, MI 46629",US,0,True,2023-12-20 08:52:00, 
25,Ian Spencer,"0030 Hartman Parkway, South Anthony, MS 23949",US,0,True,2023-12-20 08:53:28, 
26,Susan Benson,"Unit 6171 Box 7698, DPO AE 20522",US,0,True,2023-12-20 08:53:29, 
20,Steven Hart,"91268 Shaw Landing, Edwardsbury, PR 38992",US,0,True,2023-12-20 08:52:49, 
7,Jeffrey George,"4340 Hawkins Trail Suite 898, West Travismouth, TX 87537",US,0,True,2023-12-20 08:51:59, 
29,Audrey Carpenter,"48906 Ryan Pine Apt. 904, Charlotteville, NM 85435",US,0,True,2023-12-20 08:53:29, 
15,Barbara Clarke,"PSC 8003, Box 4973, APO AP 22702",US,0,True,2023-12-20 08:52:49, 
23,Jeffrey Thomas,"9475 Nichols Summit Suite 016, Rowlandstad, AS 44937",US,0,True,2023-12-20 08:53:28, 
21,Mark Martinez,"60248 Alejandro Junctions, Lake Brian, NJ 79709",US,0,True,2023-12-20 08:53:28, ,insert,2,1703066019000
22,Monica Watson,"666 Cindy Via, New Melissaland, SC 74619",US,0,True,2023-12-20 08:53:28, ,insert,2,1703066019000
23,Jeffrey Thomas,"9475 Nichols Summit Suite 016, Rowlandstad, AS 44937",US,0,True,2023-12-20 08:53:28, ,insert,2,1703066019000
24,Abigail Cochran,"921 Hooper Spurs Suite 959, Estradabury, IA 16381",US,0,True,2023-12-20 08:53:28, ,insert,2,1703066019000
25,Ian Spencer,"0030 Hartman Parkway, South Anthony, MS 23949",US,0,True,2023-12-20 08:53:28, ,insert,2,1703066019000
26,Susan Benson,"Unit 6171 Box 7698, DPO AE 20522",US,0,True,2023-12-20 08:53:29, ,insert,2,1703066019000
27,Mr. Kevin Richardson,"98261 Kevin Mall Apt. 796, Ayalachester, IA 72379",US,0,True,2023-12-20 08:53:29, ,insert,2,1703066019000
28,Taylor Christensen,"Unit 2755 Box 0866, DPO AE 53881",US,0,True,2023-12-20 08:53:29, ,insert,2,1703066019000
29,Audrey Carpenter,"48906 Ryan Pine Apt. 904, Charlotteville, NM 85435",US,0,True,2023-12-20 08:53:29, ,insert,2,1703066019000
30,Bonnie Carr,"557 Gordon Mill Apt. 129, Lake Randy, NY 10187",US,0,True,2023-12-20 08:53:29, ,insert,2,1703066019000
