account_no,name,address,country,services,active,updated
1,Joshua Hanson,"894 Nancy Lodge Suite 448, Smithburgh, DC 12158",US,0,TRUE,20.12.23 08:40
2,Brian Carey,"027 Rogers Villages Apt. 976, Cristinabury, OR 81493",US,0,TRUE,19.12.23 13:02
3,Victoria Carter,"Unit 4126 Box 3749, DPO AP 99926",US,0,TRUE,20.12.23 08:38
4,Joel Davidson,"695 Simmons Ville, Owensburgh, PR 30794",US,0,TRUE,20.12.23 08:38
5,Carol Smith,"888 Andersen Roads, South John, NC 38544",US,0,TRUE,19.12.23 13:02
6,Traci Mason,"48058 Cordova Center Suite 873, Port Meredithhaven, MD 79436",US,0,TRUE,19.12.23 13:02
7,Dr. Luis Smith MD,"067 Coffey Camp Suite 235, Burchshire, IL 68470",US,0,TRUE,20.12.23 08:40
8,Luke Sullivan,"6123 Graves Falls, New Paulport, DE 27219",US,0,TRUE,20.12.23 08:38
9,Robert Clark,"081 Megan Summit, Wilsontown, ID 78855",US,0,TRUE,19.12.23 13:02
10,Pedro Lamb,"USS Martin, FPO AE 35976",US,0,TRUE,19.12.23 13:02
11,William Scott,"4298 Roberson Prairie Suite 256, North Carlosfurt, OK 97564",US,0,TRUE,19.12.23 13:02
12,Jack Smith,"717 Adam Drive Suite 069, Lake Julieburgh, VT 06012",US,0,TRUE,20.12.23 08:40
13,Walter Shaw,"400 James Port, Lake Daniel, AR 75967",US,0,TRUE,20.12.23 08:38
14,Joseph Fernandez,"99861 Todd Cape, Port Paul, SD 97249",US,0,TRUE,20.12.23 08:38
15,Jeffrey Blackwell,"6885 Wiggins Lakes, North Damon, PW 58465",US,0,TRUE,20.12.23 08:40
16,Lisa Mcclain,"3873 Penny Centers, Nicoleland, DE 35756",US,0,TRUE,20.12.23 08:40
17,Michael Newton,"91029 Eaton Village Suite 128, South Teresaland, MO 35569",US,0,TRUE,20.12.23 08:40
18,Tonya Davis,"1176 Lisa Extensions, Martinezland, NJ 09948",US,0,TRUE,20.12.23 08:38
19,Jordan Duncan,"USNV Liu, FPO AA 75766",US,0,TRUE,20.12.23 08:38
20,Stephanie Dyer,"8496 Russo Valleys, Deniseside, VA 81690",US,0,TRUE,20.12.23 08:38
21,Xavier Smith,"47132 Vincent Mount Apt. 151, South Garrett, AL 26239",US,0,TRUE,19.12.23 13:02
22,Jessica Taylor,"252 Snyder Trail, Sarahstad, NJ 68405",US,0,TRUE,20.12.23 08:40
23,Alice Adams,"613 Davis Lakes Apt. 179, Ricardoview, CO 76415",US,0,TRUE,19.12.23 13:02
24,Melody Chambers,"1442 Nelson Prairie Apt. 826, South Kathleenburgh, DC 94657",US,0,TRUE,20.12.23 08:40
25,Jeffrey Holmes,"3254 Thomas Shore Apt. 058, Port Markstad, NV 16828",US,0,TRUE,20.12.23 08:40
26,Stephen Jones,"40479 Rowe Flats Apt. 994, North Brianville, NE 46226",US,0,TRUE,19.12.23 13:02
27,Belinda Russo,"020 Raymond Common Suite 706, West Victoria, KY 86346",US,0,TRUE,19.12.23 13:02
28,Leah Larson,"USNS Peters, FPO AP 12273",US,0,TRUE,20.12.23 08:40
29,Katherine Fernandez,"99189 Lopez Pines Suite 381, Michellebury, KY 55695",US,0,TRUE,20.12.23 08:38
30,Eric Perry,"717 Cooper Parks Suite 597, North Bruce, TX 42136",US,0,TRUE,20.12.23 08:38
31,Matthew Collins,"PSC 6179, Box 4057, APO AE 55321",US,0,TRUE,20.12.23 08:52
32,Daniel Dickson,"72718 Solis Inlet, Allenshire, GU 55719",US,0,TRUE,20.12.23 08:52
33,Casey Cervantes,"710 Melissa Course, Hectorshire, OR 61931",US,0,TRUE,20.12.23 08:52
34,Erin Williams,"6799 Fischer Radial, South Sharon, CT 50236",US,0,TRUE,20.12.23 08:52
35,Barbara Clarke,"PSC 8003, Box 4973, APO AP 22702",US,0,TRUE,20.12.23 08:52
36,Rachel Ramirez,"1731 Sandra Land Suite 242, Michellebury, MN 27283",US,0,TRUE,20.12.23 08:52
37,Nancy Bass,"6156 Smith Mill Apt. 774, North Maria, WA 28976",US,0,TRUE,20.12.23 08:52
38,Edgar Hill,"275 Michele Cliff Apt. 643, Thomastown, AZ 31750",US,0,TRUE,20.12.23 08:52
39,Yvonne Ashley,"5559 Randy Ridge Suite 548, New Lucashaven, MN 54170",US,0,TRUE,20.12.23 08:52
40,Steven Hart,"91268 Shaw Landing, Edwardsbury, PR 38992",US,0,TRUE,20.12.23 08:52
41,Mark Martinez,"60248 Alejandro Junctions, Lake Brian, NJ 79709",US,0,TRUE,20.12.23 08:53
42,Monica Watson,"666 Cindy Via, New Melissaland, SC 74619",US,0,TRUE,20.12.23 08:53
43,Jeffrey Thomas,"9475 Nichols Summit Suite 016, Rowlandstad, AS 44937",US,0,TRUE,20.12.23 08:53
44,Abigail Cochran,"921 Hooper Spurs Suite 959, Estradabury, IA 16381",US,0,TRUE,20.12.23 08:53
45,Ian Spencer,"0030 Hartman Parkway, South Anthony, MS 23949",US,0,TRUE,20.12.23 08:53
46,Susan Benson,"Unit 6171 Box 7698, DPO AE 20522",US,0,TRUE,20.12.23 08:53
47,Mr. Kevin Richardson,"98261 Kevin Mall Apt. 796, Ayalachester, IA 72379",US,0,TRUE,20.12.23 08:53
48,Taylor Christensen,"Unit 2755 Box 0866, DPO AE 53881",US,0,TRUE,20.12.23 08:53
49,Audrey Carpenter,"48906 Ryan Pine Apt. 904, Charlotteville, NM 85435",US,0,TRUE,20.12.23 08:53
50,Bonnie Carr,"557 Gordon Mill Apt. 129, Lake Randy, NY 10187",US,0,TRUE,20.12.23 08:53
51,Mark Martinez,"60248 Alejandro Junctions, Lake Brian, NJ 79709",US,0,TRUE,20.12.23 08:53
52,Monica Watson,"666 Cindy Via, New Melissaland, SC 74619",US,0,TRUE,20.12.23 08:53
53,Jeffrey Thomas,"9475 Nichols Summit Suite 016, Rowlandstad, AS 44937",US,0,TRUE,20.12.23 08:53
54,Abigail Cochran,"921 Hooper Spurs Suite 959, Estradabury, IA 16381",US,0,TRUE,20.12.23 08:53
55,Ian Spencer,"0030 Hartman Parkway, South Anthony, MS 23949",US,0,TRUE,20.12.23 08:53
56,Susan Benson,"Unit 6171 Box 7698, DPO AE 20522",US,0,TRUE,20.12.23 08:53
57,Mr. Kevin Richardson,"98261 Kevin Mall Apt. 796, Ayalachester, IA 72379",US,0,TRUE,20.12.23 08:53
58,Taylor Christensen,"Unit 2755 Box 0866, DPO AE 53881",US,0,TRUE,20.12.23 08:53
59,Audrey Carpenter,"48906 Ryan Pine Apt. 904, Charlotteville, NM 85435",US,0,TRUE,20.12.23 08:53
60,Bonnie Carr,"557 Gordon Mill Apt. 129, Lake Randy, NY 10187",US,0,TRUE,20.12.23 08:53
61,Carly Silva,"08319 Lynch Meadows, Comptonstad, AK 56034",US,0,TRUE,20.12.23 08:52
62,Erin Williams,"6799 Fischer Radial, South Sharon, CT 50236",US,0,TRUE,20.12.23 08:52
63,Rachel Ramirez,"1731 Sandra Land Suite 242, Michellebury, MN 27283",US,0,TRUE,20.12.23 08:52
64,Sean Henry,"95347 Whitehead Motorway, New Markshire, MT 06211",US,0,TRUE,20.12.23 08:51
65,Ryan Martinez,"9913 Lopez Plaza Suite 410, Port Barbara, AR 33730",US,0,TRUE,20.12.23 08:51
66,Matthew Collins,"PSC 6179, Box 4057, APO AE 55321",US,0,TRUE,20.12.23 08:52
67,Leroy Martin,"7491 Kelly Islands Suite 418, North Natalie, NC 30326",US,0,TRUE,20.12.23 08:51
68,Casey Cervantes,"710 Melissa Course, Hectorshire, OR 61931",US,0,TRUE,20.12.23 08:52
69,Benjamin Patel,"27011 Schwartz Roads, South Laurabury, ND 34346",US,0,TRUE,20.12.23 08:51
70,Tom Brown,"911 Weaver Loop Suite 351, Lake Janetberg, WY 04845",US,0,TRUE,20.12.23 08:51
71,Abigail Cochran,"921 Hooper Spurs Suite 959, Estradabury, IA 16381",US,0,TRUE,20.12.23 08:53
72,April King,"6136 Patricia Club Suite 385, New Timothyhaven, GA 13196",US,0,TRUE,20.12.23 08:51
73,James Payne,"9932 Lopez Key Apt. 201, New Kevinchester, KS 75051",US,0,TRUE,20.12.23 08:51
74,Edgar Hill,"275 Michele Cliff Apt. 643, Thomastown, AZ 31750",US,0,TRUE,20.12.23 08:52
75,Mark Martinez,"60248 Alejandro Junctions, Lake Brian, NJ 79709",US,0,TRUE,20.12.23 08:53
76,Taylor Christensen,"Unit 2755 Box 0866, DPO AE 53881",US,0,TRUE,20.12.23 08:53
77,Nancy Bass,"6156 Smith Mill Apt. 774, North Maria, WA 28976",US,0,TRUE,20.12.23 08:52
78,Daniel Dickson,"72718 Solis Inlet, Allenshire, GU 55719",US,0,TRUE,20.12.23 08:52
79,Bonnie Carr,"557 Gordon Mill Apt. 129, Lake Randy, NY 10187",US,0,TRUE,20.12.23 08:53
80,Mr. Kevin Richardson,"98261 Kevin Mall Apt. 796, Ayalachester, IA 72379",US,0,TRUE,20.12.23 08:53
81,Monica Watson,"666 Cindy Via, New Melissaland, SC 74619",US,0,TRUE,20.12.23 08:53
82,Yvonne Ashley,"5559 Randy Ridge Suite 548, New Lucashaven, MN 54170",US,0,TRUE,20.12.23 08:52
83,Donna Burton,"0798 Davis Trail, Jenniferstad, MI 46629",US,0,TRUE,20.12.23 08:52
84,Ian Spencer,"0030 Hartman Parkway, South Anthony, MS 23949",US,0,TRUE,20.12.23 08:53
85,Susan Benson,"Unit 6171 Box 7698, DPO AE 20522",US,0,TRUE,20.12.23 08:53
86,Steven Hart,"91268 Shaw Landing, Edwardsbury, PR 38992",US,0,TRUE,20.12.23 08:52
87,Jeffrey George,"4340 Hawkins Trail Suite 898, West Travismouth, TX 87537",US,0,TRUE,20.12.23 08:51
88,Audrey Carpenter,"48906 Ryan Pine Apt. 904, Charlotteville, NM 85435",US,0,TRUE,20.12.23 08:53
89,Barbara Clarke,"PSC 8003, Box 4973, APO AP 22702",US,0,TRUE,20.12.23 08:52
90,Jeffrey Thomas,"9475 Nichols Summit Suite 016, Rowlandstad, AS 44937",US,0,TRUE,20.12.23 08:53
91,Mark Martinez,"60248 Alejandro Junctions, Lake Brian, NJ 79709",US,0,TRUE,20.12.23 08:53
92,Monica Watson,"666 Cindy Via, New Melissaland, SC 74619",US,0,TRUE,20.12.23 08:53
93,Jeffrey Thomas,"9475 Nichols Summit Suite 016, Rowlandstad, AS 44937",US,0,TRUE,20.12.23 08:53
94,Abigail Cochran,"921 Hooper Spurs Suite 959, Estradabury, IA 16381",US,0,TRUE,20.12.23 08:53
95,Ian Spencer,"0030 Hartman Parkway, South Anthony, MS 23949",US,0,TRUE,20.12.23 08:53
96,Susan Benson,"Unit 6171 Box 7698, DPO AE 20522",US,0,TRUE,20.12.23 08:53
97,Mr. Kevin Richardson,"98261 Kevin Mall Apt. 796, Ayalachester, IA 72379",US,0,TRUE,20.12.23 08:53
98,Taylor Christensen,"Unit 2755 Box 0866, DPO AE 53881",US,0,TRUE,20.12.23 08:53
99,Audrey Carpenter,"48906 Ryan Pine Apt. 904, Charlotteville, NM 85435",US,0,TRUE,20.12.23 08:53
100,Bonnie Carr,"557 Gordon Mill Apt. 129, Lake Randy, NY 10187",US,0,TRUE,20.12.23 08:53